District,Latitude,Longitude,October 2024 Probability,October 2024 Tercile,October 2024 Probability Range,November 2024 Probability,November 2024 Tercile,November 2024 Probability Range,December 2024 Probability,December 2024 Tercile,December 2024 Probability Range,January 2025 Probability,January 2025 Tercile,January 2025 Probability Range,February 2025 Probability,February 2025 Tercile,February 2025 Probability Range
Bulolo District,-7.938461538461539,146.8,37.08757215798297,above normal,<40,48.01536873043619,above normal,40-50,43.91828731338514,above normal,40-50,47.09034631875746,above normal,40-50,35.11874948969363,below normal,<40
Bulolo District,-7.938461538461539,146.89444444444445,35.17061285477757,below normal,<40,47.55128935328216,above normal,40-50,43.82793739009372,above normal,40-50,47.928154462287246,above normal,40-50,35.799458333451206,below normal,<40
Bulolo District,-7.938461538461539,146.98888888888888,38.47817048716323,below normal,<40,47.08720997612812,above normal,40-50,43.73758746680231,above normal,40-50,48.76596260581703,above normal,40-50,36.48016717720878,below normal,<40
Bulolo District,-7.938461538461539,147.08333333333334,41.78543609008123,below normal,40-50,46.62319031545549,above normal,40-50,43.64726510630278,above normal,40-50,49.603734365067034,above normal,40-50,37.16079847291796,below normal,<40
Bulolo District,-7.938461538461539,147.17777777777778,39.670434809304666,below normal,<40,47.26795841422269,above normal,40-50,44.0687158023311,above normal,40-50,49.76593979330717,above normal,40-50,36.40155379402657,below normal,<40
Bulolo District,-7.938461538461539,147.2722222222222,37.5554335285281,below normal,<40,47.91272651298989,above normal,40-50,44.490166498359415,above normal,40-50,49.928145221547304,above normal,40-50,35.64230911513517,below normal,<40
Bulolo District,-7.938461538461539,147.36666666666667,35.4404322477509,below normal,<40,48.55749461175729,above normal,40-50,44.911617194387865,above normal,40-50,50.09035064978749,above normal,50-60,34.88306443624355,below normal,<40
Bulolo District,-7.938461538461539,147.4611111111111,34.05209643346916,near normal,<40,49.202262710524494,above normal,40-50,45.33306789041618,above normal,40-50,50.25255607802762,above normal,50-60,35.669501506738044,near normal,<40
Bulolo District,-7.846153846153846,146.8,37.03721909643066,above normal,<40,47.62935150610388,above normal,40-50,44.02905687493466,above normal,40-50,48.1409834252607,above normal,40-50,35.236228602517116,below normal,<40
Bulolo District,-7.846153846153846,146.89444444444445,35.0475278396885,below normal,<40,47.07016665801556,above normal,40-50,43.95772798746488,above normal,40-50,49.18802368615815,above normal,40-50,35.821831940421035,below normal,<40
Bulolo District,-7.846153846153846,146.98888888888888,38.16487442794174,below normal,<40,46.510981809927245,above normal,40-50,43.8863990999951,above normal,40-50,50.23506394705559,above normal,50-60,36.40743527832496,below normal,<40
Bulolo District,-7.846153846153846,147.08333333333334,41.28193205997906,below normal,40-50,45.95186487324223,above normal,40-50,43.815085483056635,above normal,40-50,51.28203914154989,above normal,50-60,36.99296311698317,below normal,<40
Bulolo District,-7.846153846153846,147.17777777777778,39.03378551372395,below normal,<40,46.65369518178787,above normal,40-50,44.02730796515666,above normal,40-50,51.12089172305122,above normal,50-60,36.176656193394614,below normal,<40
Bulolo District,-7.846153846153846,147.2722222222222,36.78563896746884,below normal,<40,47.355525490333505,above normal,40-50,44.23953044725669,above normal,40-50,50.95974430455255,above normal,50-60,35.36034926980606,below normal,<40
Bulolo District,-7.846153846153846,147.36666666666667,34.53749242121305,below normal,<40,48.05735579887935,above normal,40-50,44.45175292935678,above normal,40-50,50.79859688605383,above normal,50-60,34.54404234621725,below normal,<40
Bulolo District,-7.753846153846154,146.70555555555555,39.24385981166923,above normal,<40,47.89762460079437,above normal,40-50,44.192134288132344,above normal,40-50,47.935348153498445,above normal,40-50,34.86320988329017,below normal,<40
Bulolo District,-7.753846153846154,146.8,36.98686603487835,above normal,<40,47.243334281771574,above normal,40-50,44.13982643648418,above normal,40-50,49.19162053176393,above normal,40-50,35.35370771534059,below normal,<40
Bulolo District,-7.753846153846154,146.89444444444445,34.92444282459943,below normal,<40,46.58904396274897,above normal,40-50,44.087518584836026,above normal,40-50,50.44789291002904,above normal,50-60,35.844205547390864,below normal,<40
Bulolo District,-7.753846153846154,146.98888888888888,37.85157836872025,below normal,<40,45.93475364372637,above normal,40-50,44.03521073318788,above normal,40-50,51.70416528829414,above normal,50-60,36.334703379441144,below normal,<40
Bulolo District,-7.753846153846154,147.08333333333334,40.77842802987691,below normal,40-50,45.28053943102896,above normal,40-50,43.98290585981048,above normal,40-50,52.96034391803273,above normal,50-60,36.825127761048364,below normal,<40
Bulolo District,-7.753846153846154,147.17777777777778,38.39713621814325,below normal,<40,46.03943194935304,above normal,40-50,43.98590012798222,above normal,40-50,52.475843652795255,above normal,50-60,35.95175859276265,below normal,<40
Bulolo District,-7.753846153846154,147.2722222222222,36.01584440640959,below normal,<40,46.79832446767711,above normal,40-50,43.98889439615396,above normal,40-50,51.99134338755778,above normal,50-60,35.07838942447694,below normal,<40
Bulolo District,-7.661538461538461,146.51666666666668,43.99281092975775,above normal,40-50,49.105504427310144,above normal,40-50,44.35045644551326,above normal,40-50,45.84574415136842,above normal,40-50,34.285009849574074,below normal,<40
Bulolo District,-7.661538461538461,146.61111111111111,41.64071161094742,above normal,40-50,48.35610863735326,above normal,40-50,44.317169629686745,above normal,40-50,47.31124864700119,above normal,40-50,34.6804021757707,below normal,<40
Bulolo District,-7.661538461538461,146.70555555555555,39.28861229213708,above normal,<40,47.60671284739637,above normal,40-50,44.283882813860224,above normal,40-50,48.77675314263396,above normal,40-50,35.07579450196732,below normal,<40
Bulolo District,-7.661538461538461,146.8,36.93651297332603,above normal,<40,46.85731705743926,above normal,40-50,44.250595998033695,above normal,40-50,50.24225763826717,above normal,50-60,35.47118682816407,below normal,<40
Bulolo District,-7.661538461538461,146.89444444444445,34.801357809510364,below normal,<40,46.107921267482375,above normal,40-50,44.21730918220718,above normal,40-50,51.707762133899934,above normal,50-60,35.8665791543607,below normal,<40
Bulolo District,-7.661538461538461,146.98888888888888,37.538282309498754,below normal,<40,45.35852547752549,above normal,40-50,44.18402236638067,above normal,40-50,53.173266629532705,above normal,50-60,36.26197148055733,below normal,<40
Bulolo District,-7.661538461538461,147.08333333333334,40.27492399977475,below normal,40-50,44.6092139888157,above normal,40-50,44.15072623656433,above normal,40-50,54.638648694515574,above normal,50-60,36.65729240511357,below normal,<40
Bulolo District,-7.661538461538461,147.17777777777778,37.76048692256255,below normal,<40,45.42516871691821,above normal,40-50,43.94449229080778,above normal,40-50,53.830795582539295,above normal,50-60,35.726860992130696,below normal,<40
Bulolo District,-7.569230769230769,146.61111111111111,41.780569633435405,above normal,40-50,48.16030235488955,above normal,40-50,44.389897119592995,above normal,40-50,47.943421518769036,above normal,40-50,35.107331250159554,above normal,<40
Bulolo District,-7.569230769230769,146.70555555555555,39.33336477260493,above normal,<40,47.31580109399838,above normal,40-50,44.37563133958811,above normal,40-50,49.61815813176946,above normal,40-50,35.288379120644485,below normal,<40
Bulolo District,-7.569230769230769,146.8,36.886159911773724,above normal,<40,46.47129983310696,above normal,40-50,44.36136555958322,above normal,40-50,51.29289474477039,above normal,50-60,35.58866594098755,below normal,<40
Bulolo District,-7.569230769230769,146.89444444444445,34.6782727944213,below normal,<40,45.62679857221579,above normal,40-50,44.347099779578336,above normal,40-50,52.96763135777083,above normal,50-60,35.88895276133053,below normal,<40
Bulolo District,-7.569230769230769,146.98888888888888,37.22498625027727,below normal,<40,44.78229731132462,above normal,40-50,44.33283399957345,above normal,40-50,54.642367970771254,above normal,50-60,36.18923958167351,below normal,<40
Bulolo District,-7.569230769230769,147.08333333333334,39.77141996967259,below normal,<40,43.93788854660245,above normal,40-50,44.31854661331818,above normal,40-50,56.316953470998406,above normal,50-60,36.48945704917878,below normal,<40
Bulolo District,-7.476923076923077,146.61111111111111,41.97917155206363,above normal,40-50,48.38967407617078,above normal,40-50,44.275214561532394,above normal,40-50,48.26650153374732,above normal,40-50,35.729711897773576,above normal,<40
Bulolo District,-7.476923076923077,146.70555555555555,39.55098779935192,above normal,<40,47.58321504353934,above normal,40-50,44.384585903802254,above normal,40-50,50.06963059419315,above normal,50-60,35.948806808959816,above normal,<40
Bulolo District,-7.476923076923077,146.8,37.12280404663948,above normal,<40,46.77675601090766,above normal,40-50,44.49395724607215,above normal,40-50,51.872759654639516,above normal,50-60,36.16790172014612,above normal,<40
Bulolo District,-7.476923076923077,146.89444444444445,34.69462029392777,above normal,<40,45.97029697827623,above normal,40-50,44.603328588342016,above normal,40-50,53.675888715085335,above normal,50-60,36.38699663133236,above normal,<40
Bulolo District,-7.476923076923077,146.98888888888888,36.442315829960336,below normal,<40,45.163837945644794,above normal,40-50,44.712699930611876,above normal,40-50,55.47901777553116,above normal,50-60,36.6060915425186,above normal,<40
Bulolo District,-7.384615384615384,146.51666666666668,44.4207880266822,above normal,40-50,50.263553382730755,above normal,50-60,43.05144510021891,above normal,40-50,45.9733004341853,above normal,40-50,35.09898773115094,below normal,<40
Bulolo District,-7.384615384615384,146.61111111111111,42.35400530521267,above normal,40-50,49.89457963063324,above normal,40-50,43.59830181156822,above normal,40-50,47.66230291429511,above normal,40-50,35.48356772340783,above normal,<40
Bulolo District,-7.384615384615384,146.70555555555555,40.28722258374312,above normal,40-50,49.52560587853572,above normal,40-50,44.145158522917534,above normal,40-50,49.35130539440493,above normal,40-50,36.12112688678908,above normal,<40
Bulolo District,-7.384615384615384,146.8,38.22043986227296,above normal,<40,49.15663212643809,above normal,40-50,44.69201523426701,above normal,40-50,51.04030787451526,above normal,50-60,36.75868605017052,above normal,<40
Bulolo District,-7.384615384615384,146.89444444444445,36.15365714080342,above normal,<40,48.78765837434057,above normal,40-50,45.238871945616324,above normal,40-50,52.72931035462507,above normal,50-60,37.396245213551765,above normal,<40
Bulolo District,-7.292307692307692,146.42222222222222,46.139602438816944,above normal,40-50,51.26246212822287,above normal,50-60,40.95270490074624,above normal,40-50,43.90835249529482,above normal,40-50,35.556463217006076,below normal,<40
Bulolo District,-7.292307692307692,146.51666666666668,44.434220748589055,above normal,40-50,51.33097365665929,above normal,50-60,41.9370469811753,above normal,40-50,45.483228395069105,above normal,40-50,35.18625618038422,below normal,<40
Bulolo District,-7.292307692307692,146.61111111111111,42.728839058361686,above normal,40-50,51.399485185095685,above normal,50-60,42.92138906160406,above normal,40-50,47.05810429484291,above normal,40-50,35.23742354904209,above normal,<40
Bulolo District,-7.292307692307692,146.70555555555555,41.023457368134316,above normal,40-50,51.46799671353208,above normal,50-60,43.90573114203282,above normal,40-50,48.63298019461672,above normal,40-50,36.29344696461834,above normal,<40
Bulolo District,-7.292307692307692,146.8,39.31807567790643,above normal,<40,51.5365082419685,above normal,50-60,44.89007322246187,above normal,40-50,50.207856094391005,above normal,50-60,37.34947038019491,above normal,<40
Bulolo District,-7.292307692307692,146.89444444444445,37.61269398767906,above normal,<40,51.605019770404894,above normal,50-60,45.87441530289063,above normal,40-50,51.78273199416482,above normal,50-60,38.40549379577116,above normal,<40
Bulolo District,-7.199999999999999,146.32777777777778,47.13561478846671,above normal,40-50,51.38640031264705,above normal,50-60,37.97899396311483,above normal,<40,42.07165771707687,above normal,40-50,36.546529576547165,below normal,<40
Bulolo District,-7.199999999999999,146.42222222222222,45.79163412948151,above normal,40-50,51.892397121617364,above normal,50-60,39.40082141262304,above normal,<40,43.53240703651467,above normal,40-50,35.91002710308243,below normal,<40
Bulolo District,-7.199999999999999,146.51666666666668,44.44765347049591,above normal,40-50,52.39839393058783,above normal,50-60,40.82264886213168,above normal,40-50,44.99315635595291,above normal,40-50,35.2735246296175,below normal,<40
Bulolo District,-7.199999999999999,146.61111111111111,43.10367281151071,above normal,40-50,52.904390739558146,above normal,50-60,42.244476311639886,above normal,40-50,46.453905675390715,above normal,40-50,34.991279374676346,above normal,<40
Bulolo District,-7.199999999999999,146.70555555555555,41.75969215252551,above normal,40-50,53.41038754852846,above normal,50-60,43.66630376114809,above normal,40-50,47.91465499482852,above normal,40-50,36.4657670424476,above normal,<40
Bulolo District,-7.199999999999999,146.8,40.41571149353991,above normal,40-50,53.91638435749893,above normal,50-60,45.088131210656734,above normal,40-50,49.37540431426676,above normal,40-50,37.9402547102193,above normal,<40
Bulolo District,-7.199999999999999,146.89444444444445,39.071730834554714,above normal,<40,54.42238116646924,above normal,50-60,46.50995866016494,above normal,40-50,50.836153633704555,above normal,50-60,39.41474237799056,above normal,<40
Bulolo District,-7.107692307692307,146.32777777777778,46.426245447889116,above normal,40-50,51.57885002550763,above normal,50-60,35.98962510591219,above normal,<40,41.80983883863272,above normal,40-50,37.1663888994665,below normal,<40
Bulolo District,-7.107692307692307,146.42222222222222,45.44366582014608,above normal,40-50,52.52233211501186,above normal,50-60,37.84893792449984,above normal,<40,43.15646157773452,above normal,40-50,36.26359098915877,below normal,<40
Bulolo District,-7.107692307692307,146.51666666666668,44.46108619240276,above normal,40-50,53.46581420451636,above normal,50-60,39.70825074308806,above normal,<40,44.50308431683672,above normal,40-50,35.360793078850776,below normal,<40
Bulolo District,-7.107692307692307,146.61111111111111,43.47850656465973,above normal,40-50,54.40929629402059,above normal,50-60,41.56756356167572,above normal,40-50,45.84970705593852,above normal,40-50,34.74513520031061,above normal,<40
Bulolo District,-7.107692307692307,146.70555555555555,42.495926936916696,above normal,40-50,55.35277838352482,above normal,50-60,43.42687638026337,above normal,40-50,47.19632979504031,above normal,40-50,36.638087120276865,above normal,<40
Bulolo District,-7.107692307692307,146.8,41.513347309173376,above normal,40-50,56.296260473029335,above normal,50-60,45.28618919885159,above normal,40-50,48.54295253414251,above normal,40-50,38.53103904024369,above normal,<40
Bulolo District,-7.107692307692307,146.98888888888888,39.54818805368731,above normal,<40,58.183224652037794,above normal,50-60,49.0048148360269,above normal,40-50,51.2361980123461,above normal,50-60,42.31694288017621,above normal,40-50
Bulolo District,-7.015384615384615,146.32777777777778,45.71687610731152,above normal,40-50,51.7712997383682,above normal,50-60,34.00025624870955,above normal,<40,41.548019960188576,above normal,40-50,37.78624822238583,below normal,<40
Bulolo District,-7.015384615384615,146.42222222222222,45.09569751081066,above normal,40-50,53.15226710840634,above normal,50-60,36.297054436376655,above normal,<40,42.78051611895437,above normal,40-50,36.617154875235116,below normal,<40
Bulolo District,-7.015384615384615,146.51666666666668,44.47451891430961,above normal,40-50,54.5332344784449,above normal,50-60,38.593852624044445,above normal,<40,44.01301227772053,above normal,40-50,35.448061528084054,below normal,<40
Bulolo District,-7.015384615384615,146.61111111111111,43.85334031780875,above normal,40-50,55.914201848483046,above normal,50-60,40.89065081171155,above normal,40-50,45.24550843648632,above normal,40-50,34.49899102594487,above normal,<40
Bulolo District,-7.015384615384615,146.70555555555555,43.2321617213079,above normal,40-50,57.29516921852119,above normal,50-60,43.18744899937865,above normal,40-50,46.4780045952521,above normal,40-50,36.81040719810613,above normal,<40
Bulolo District,-6.9230769230769225,146.42222222222222,44.226615847181954,above normal,40-50,53.482275877763016,above normal,50-60,35.50249238639627,above normal,<40,42.46880382091196,above normal,40-50,36.72673866200638,below normal,<40
Bulolo District,-6.9230769230769225,146.51666666666668,43.95803195860724,above normal,40-50,55.22147310506279,above normal,50-60,38.03423456242291,above normal,<40,43.62239801837686,above normal,40-50,35.37060521238569,below normal,<40
Bulolo District,-6.9230769230769225,146.61111111111111,43.68944807003262,above normal,40-50,56.96067033236204,above normal,50-60,40.56597673844878,above normal,40-50,44.77599221584142,above normal,40-50,34.602497540847075,above normal,<40
Bulolo District,-6.9230769230769225,146.70555555555555,43.420864181457986,above normal,40-50,58.6998675596613,above normal,50-60,43.09771891447466,above normal,40-50,45.92958641330598,above normal,40-50,37.200285604652436,above normal,<40
Bulolo District,-6.9230769230769225,146.8,43.152280292883276,above normal,40-50,60.43906478696107,above normal,60-70,45.629461090501295,above normal,40-50,47.08318061077088,above normal,40-50,39.79807366845858,above normal,<40
Bulolo District,-6.8307692307692305,146.51666666666668,41.68223470291475,above normal,40-50,54.65084549859385,above normal,50-60,39.31646394274074,above normal,<40,43.56197910363919,above normal,40-50,34.7462709933745,below normal,<40
Bulolo District,-6.8307692307692305,146.61111111111111,41.73700921273495,above normal,40-50,56.48514818061482,above normal,50-60,41.410721108857786,above normal,40-50,44.753615484987826,above normal,40-50,35.86682911876875,above normal,<40
Bulolo District,-6.8307692307692305,146.70555555555555,41.79178372255514,above normal,40-50,58.3194508626358,above normal,50-60,43.504978274974825,above normal,40-50,45.94525186633646,above normal,40-50,38.312448511888036,above normal,<40
Bulolo District,-6.8307692307692305,146.8,41.84655823237535,above normal,40-50,60.15375354465732,above normal,60-70,45.59923544109249,above normal,40-50,47.13688824768546,above normal,40-50,40.758067905008055,above normal,40-50
Bulolo District,-6.7384615384615385,146.61111111111111,39.784570355437275,above normal,<40,56.0096260288676,above normal,50-60,42.255465479266775,above normal,40-50,44.73123875413424,above normal,40-50,37.13116069669042,above normal,<40
Finschafen District,-6.646153846153846,147.2722222222222,41.79746919366191,above normal,40-50,63.528295701253974,above normal,60-70,49.387145074587984,above normal,40-50,47.494648603561956,above normal,40-50,44.751554800074835,above normal,40-50
Finschafen District,-6.646153846153846,147.36666666666667,42.02642249905897,above normal,40-50,62.46419080273783,above normal,60-70,49.48242508774436,above normal,40-50,45.71832198880976,above normal,40-50,42.57649716070233,above normal,40-50
Finschafen District,-6.646153846153846,147.4611111111111,42.37168122374802,near normal,40-50,61.40008590422202,above normal,60-70,49.5777051009007,above normal,40-50,43.94199537405811,above normal,40-50,40.40143952133049,above normal,40-50
Finschafen District,-6.646153846153846,147.55555555555554,43.42962201145877,near normal,40-50,60.3359810057062,above normal,60-70,49.67298511405704,above normal,40-50,42.165668759306456,above normal,40-50,38.226381881958645,above normal,<40
Finschafen District,-6.646153846153846,147.65,44.48756279916983,near normal,40-50,59.27187610719007,above normal,50-60,49.76826512721342,above normal,40-50,40.38934214455427,above normal,40-50,36.05132424258615,above normal,<40
Finschafen District,-6.646153846153846,147.74444444444444,45.54550358688058,near normal,40-50,58.20777120867425,above normal,50-60,49.86354514036976,above normal,40-50,38.61301552980261,above normal,<40,36.61823994678579,near normal,<40
Finschafen District,-6.646153846153846,147.8388888888889,46.603444374591646,near normal,40-50,57.14366631015811,above normal,50-60,49.958825153526135,above normal,40-50,36.83668891505042,above normal,<40,38.396856018920374,near normal,<40
Finschafen District,-6.553846153846154,147.2722222222222,41.46180505868479,above normal,40-50,63.223955747548814,above normal,60-70,48.38687056106757,above normal,40-50,47.12988564980175,above normal,40-50,45.25505121954129,above normal,40-50
Finschafen District,-6.553846153846154,147.36666666666667,42.089122598413276,near normal,40-50,62.00768496959251,above normal,60-70,48.653337267161255,above normal,40-50,45.087268658732455,above normal,40-50,43.07999358016879,above normal,40-50
Finschafen District,-6.553846153846154,147.4611111111111,43.01391818549454,near normal,40-50,60.79141419163658,above normal,60-70,48.919803973254865,above normal,40-50,43.04465166766378,above normal,40-50,40.904935940796946,above normal,40-50
Finschafen District,-6.553846153846154,147.55555555555554,43.9387137725758,near normal,40-50,59.57514341368064,above normal,50-60,49.18627067934848,above normal,40-50,41.0020346765951,above normal,40-50,38.7298783014251,above normal,<40
Finschafen District,-6.553846153846154,147.65,44.86350935965734,near normal,40-50,58.35887263572434,above normal,50-60,49.45273738544217,above normal,40-50,38.95941768552581,above normal,<40,36.5548206620526,above normal,<40
Finschafen District,-6.553846153846154,147.74444444444444,45.788304946738606,near normal,40-50,57.142601857768405,above normal,50-60,49.71920409153578,above normal,40-50,36.91680069445713,above normal,<40,36.41572189711296,near normal,<40
Finschafen District,-6.553846153846154,147.8388888888889,46.713100533820146,near normal,40-50,55.9263310798121,above normal,50-60,49.985670797629474,above normal,40-50,34.87418370338784,above normal,<40,38.213358712907244,near normal,<40
Finschafen District,-6.461538461538462,147.17777777777778,41.28120398788548,near normal,40-50,64.28805245123971,above normal,60-70,46.94894264851627,above normal,40-50,49.07403006342724,above normal,40-50,47.93360527837959,above normal,40-50
Finschafen District,-6.461538461538462,147.2722222222222,42.07285437433726,near normal,40-50,62.919615793843654,above normal,60-70,47.38659604754715,above normal,40-50,46.76512269604154,above normal,40-50,45.758547639007745,above normal,40-50
Finschafen District,-6.461538461538462,147.36666666666667,42.86450476078928,near normal,40-50,61.55117913644719,above normal,60-70,47.824249446578165,above normal,40-50,44.45621532865515,above normal,40-50,43.58348999963525,above normal,40-50
Finschafen District,-6.461538461538462,147.4611111111111,43.65615514724106,near normal,40-50,60.18274247905113,above normal,60-70,48.261902845609036,above normal,40-50,42.14730796126945,above normal,40-50,41.408432360263404,above normal,40-50
Finschafen District,-6.461538461538462,147.55555555555554,44.447805533692836,near normal,40-50,58.81430582165508,above normal,50-60,48.699556244639915,above normal,40-50,39.83840059388375,above normal,<40,39.233374720891554,above normal,<40
Finschafen District,-6.461538461538462,147.65,45.23945592014485,near normal,40-50,57.44586916425861,above normal,50-60,49.13720964367093,above normal,40-50,37.52949322649735,above normal,<40,37.05831708151906,above normal,<40
Finschafen District,-6.461538461538462,147.74444444444444,46.03110630659663,near normal,40-50,56.07743250686256,above normal,50-60,49.5748630427018,above normal,40-50,35.22058585911165,above normal,<40,36.21320384744013,near normal,<40
Finschafen District,-6.461538461538462,147.8388888888889,46.822756693048646,near normal,40-50,54.70899584946609,above normal,50-60,50.012516441732814,above normal,50-60,36.40487961384602,near normal,<40,38.02986140689411,near normal,<40
Finschafen District,-6.369230769230769,147.36666666666667,43.37897127979452,near normal,40-50,61.20618945631694,above normal,60-70,47.23034271587364,above normal,40-50,43.511349849614156,above normal,40-50,43.32925845517015,above normal,40-50
Finschafen District,-6.369230769230769,147.4611111111111,44.057729961371194,near normal,40-50,59.75849957941635,above normal,50-60,47.786523649720735,above normal,40-50,41.06982536138738,above normal,40-50,41.23521492274482,above normal,40-50
Finschafen District,-6.369230769230769,147.55555555555554,44.73648864294787,near normal,40-50,58.31080970251577,above normal,50-60,48.34270458356783,above normal,40-50,38.628300873160605,above normal,<40,39.14117139031949,above normal,<40
Finschafen District,-6.369230769230769,147.74444444444444,46.094006006101424,near normal,40-50,55.415429948714156,above normal,50-60,49.455066451262184,above normal,40-50,35.60907210340417,near normal,<40,36.151034949135884,near normal,<40
Huon District,-7.938461538461539,147.55555555555554,35.733318878796425,near normal,<40,49.8470308092917,above normal,40-50,45.754518586444505,above normal,40-50,50.41476150626775,above normal,50-60,36.77217660556648,near normal,<40
Huon District,-7.938461538461539,147.65,37.4145413241242,near normal,<40,50.491798908059096,above normal,50-60,46.17596928247295,above normal,40-50,50.57696693450794,above normal,50-60,37.87485170439524,near normal,<40
Huon District,-7.846153846153846,147.4611111111111,35.49992991973711,near normal,<40,48.75918610742499,above normal,40-50,44.66397541145681,above normal,40-50,50.63744946755516,above normal,50-60,35.05859265084263,near normal,<40
Huon District,-7.846153846153846,147.55555555555554,37.33331841410974,near normal,<40,49.461016415970626,above normal,40-50,44.87619789355684,above normal,40-50,50.47630204905649,above normal,50-60,36.218329953214,near normal,<40
Huon District,-7.846153846153846,147.65,39.166706908482915,near normal,<40,50.16284672451648,above normal,50-60,45.08842037565693,above normal,40-50,50.31515463055777,above normal,50-60,37.378067255585734,near normal,<40
Huon District,-7.753846153846154,147.36666666666667,34.96220886258706,near normal,<40,47.55721698600141,above normal,40-50,43.99188866432571,above normal,40-50,51.50684312232016,above normal,50-60,34.20502025619096,below normal,<40
Huon District,-7.753846153846154,147.4611111111111,36.94776340600505,near normal,<40,48.31610950432548,above normal,40-50,43.99488293249745,above normal,40-50,51.02234285708269,above normal,50-60,34.44768379494721,near normal,<40
Huon District,-7.753846153846154,147.55555555555554,38.93331794942303,near normal,<40,49.07500202264956,above normal,40-50,43.99787720066919,above normal,40-50,50.53784259184521,above normal,50-60,35.66448330086154,near normal,<40
Huon District,-7.661538461538461,147.2722222222222,35.24604984535034,below normal,<40,46.24112344502072,above normal,40-50,43.738258345051236,above normal,40-50,53.022942470563024,above normal,50-60,34.79642957914782,below normal,<40
Huon District,-7.661538461538461,147.36666666666667,36.25787629980965,near normal,<40,47.05707817312347,above normal,40-50,43.53202439929463,above normal,40-50,52.2150893585865,above normal,50-60,33.865998166164665,below normal,<40
Huon District,-7.661538461538461,147.4611111111111,38.395596892273,near normal,<40,47.873032901225976,above normal,40-50,43.325790453538076,above normal,40-50,51.407236246610225,above normal,50-60,33.83677493905179,near normal,<40
Huon District,-7.569230769230769,147.17777777777778,37.12383762698184,below normal,<40,44.81090548448339,above normal,40-50,43.90308445363335,above normal,40-50,55.18574751228333,above normal,50-60,35.50196339149874,below normal,<40
Huon District,-7.569230769230769,147.2722222222222,35.263657095522845,near normal,<40,45.68392242236433,above normal,40-50,43.48762229394851,above normal,40-50,54.05454155356826,above normal,50-60,34.92151201452082,above normal,<40
Huon District,-7.569230769230769,147.36666666666667,37.55354373703223,near normal,<40,46.556939360245536,above normal,40-50,43.07216013426355,above normal,40-50,52.92333559485284,above normal,50-60,34.57808181701751,above normal,<40
Huon District,-7.476923076923077,147.08333333333334,38.7224653590769,below normal,<40,44.35746833607909,above normal,40-50,44.82203481337865,above normal,40-50,57.28197677252448,above normal,50-60,36.82515206174882,above normal,<40
Huon District,-7.476923076923077,147.17777777777778,36.01782076724638,below normal,<40,45.21146448159943,above normal,40-50,44.25440665793878,above normal,40-50,55.92727694205748,above normal,50-60,36.40563879122464,above normal,<40
Huon District,-7.384615384615384,146.98888888888888,34.251522034415075,below normal,<40,48.418684622243056,above normal,40-50,45.78572865696564,above normal,40-50,54.41831283473489,above normal,50-60,38.033804376933006,above normal,<40
Huon District,-7.384615384615384,147.08333333333334,36.03715875654379,below normal,<40,48.04976341603743,above normal,40-50,46.33252637258506,above normal,40-50,56.10715549504586,above normal,50-60,38.67129022248852,above normal,<40
Huon District,-7.292307692307692,146.98888888888888,35.90731229745169,above normal,<40,51.6735312988413,above normal,50-60,46.85875738331939,above normal,40-50,53.35760789393863,above normal,50-60,39.461517211347406,above normal,<40
Huon District,-7.292307692307692,147.08333333333334,34.20203864025358,above normal,<40,51.742058495995735,above normal,50-60,47.84301793179146,above normal,40-50,54.93233421756726,above normal,50-60,40.5174283832282,above normal,40-50
Huon District,-7.199999999999999,146.98888888888888,37.72775017556951,above normal,<40,54.92837797543956,above normal,50-60,47.931786109673155,above normal,40-50,52.296902953142364,above normal,50-60,40.88923004576181,above normal,40-50
Huon District,-7.199999999999999,147.08333333333334,36.383857062166804,above normal,<40,55.43435357595408,above normal,50-60,49.353509490997865,above normal,40-50,53.757512940088645,above normal,50-60,42.3635665439679,above normal,40-50
Huon District,-7.107692307692307,146.89444444444445,40.53076768143034,above normal,40-50,57.239742562533564,above normal,50-60,47.14550201743925,above normal,40-50,49.889575273244304,above normal,40-50,40.42399096020995,above normal,40-50
Huon District,-7.015384615384615,146.8,42.61098312480685,above normal,40-50,58.67613658855974,above normal,50-60,45.48424718704645,above normal,40-50,47.71050075401826,above normal,40-50,39.12182337026808,above normal,<40
Huon District,-7.015384615384615,146.89444444444445,41.98980452830599,above normal,40-50,60.057103958597885,above normal,60-70,47.78104537471355,above normal,40-50,48.942996912784054,above normal,40-50,41.43323954242934,above normal,40-50
Huon District,-6.9230769230769225,146.23333333333332,44.93317120634223,above normal,40-50,50.40637024066229,above normal,50-60,34.75057762270155,below normal,<40,40.19891159970228,above normal,40-50,39.12043332097055,below normal,<40
Huon District,-6.9230769230769225,146.32777777777778,44.495199735756586,above normal,40-50,51.743078650463765,above normal,50-60,33.518765165083494,below normal,<40,41.3152096234474,above normal,40-50,38.08287211162667,below normal,<40
Huon District,-6.9230769230769225,146.89444444444445,42.883696404308644,above normal,40-50,62.178262014260326,above normal,60-70,48.16120326652717,above normal,40-50,48.23677480823544,above normal,40-50,42.39586173226394,above normal,40-50
Huon District,-6.8307692307692305,146.23333333333332,41.808138575584074,above normal,40-50,49.54371295578482,above normal,40-50,33.62945955227444,below normal,<40,40.01093949338157,above normal,40-50,38.28798599156299,below normal,<40
Huon District,-6.8307692307692305,146.32777777777778,41.572685683274344,above normal,40-50,50.98224013455135,above normal,50-60,35.12794961050603,above normal,<40,41.17870634094155,above normal,40-50,37.306369167056104,below normal,<40
Huon District,-6.8307692307692305,146.42222222222222,41.62746019309454,above normal,40-50,52.81654281657232,above normal,50-60,37.22220677662307,above normal,<40,42.37034272229019,above normal,40-50,36.0263200802155,below normal,<40
Huon District,-6.8307692307692305,146.89444444444445,41.90133274219554,above normal,40-50,61.988056226678296,above normal,60-70,47.693492607209535,above normal,40-50,48.3285246290341,above normal,40-50,43.203687298127335,above normal,40-50
Huon District,-6.7384615384615385,146.32777777777778,38.65017163079211,above normal,<40,50.22140161863893,above normal,50-60,37.28514901064166,above normal,<40,41.04220305843571,above normal,40-50,36.52986622248553,below normal,<40
Huon District,-6.7384615384615385,146.42222222222222,39.028304539007124,above normal,<40,52.15080975538162,above normal,50-60,38.941921166849866,above normal,<40,42.27188162366843,above normal,40-50,35.32590149842461,below normal,<40
Huon District,-6.7384615384615385,146.51666666666668,39.40643744722226,above normal,<40,54.0802178921249,above normal,50-60,40.59869332305857,above normal,40-50,43.501560188901514,above normal,40-50,34.837709974257216,above normal,<40
Huon District,-6.7384615384615385,146.70555555555555,40.1627032636523,above normal,40-50,57.939034165610295,above normal,50-60,43.91223763547498,above normal,40-50,45.960917319366956,above normal,40-50,39.424611419123636,above normal,<40
Huon District,-6.7384615384615385,146.8,40.540836171867426,above normal,40-50,59.86844230235357,above normal,50-60,45.56900979168368,above normal,40-50,47.19059588460004,above normal,40-50,41.71806214155754,above normal,40-50
Huon District,-6.7384615384615385,146.89444444444445,40.91896908008244,above normal,40-50,61.797850439096266,above normal,60-70,47.22578194789189,above normal,40-50,48.42027444983276,above normal,40-50,44.011512863990745,above normal,40-50
Huon District,-6.646153846153846,146.42222222222222,36.429148884919684,above normal,<40,51.48507669419092,above normal,50-60,40.66163555707668,above normal,40-50,42.173420525046666,above normal,40-50,34.62548291663371,below normal,<40
Huon District,-6.646153846153846,146.51666666666668,37.13064019152974,above normal,<40,53.50959028565595,above normal,50-60,41.88092270337641,above normal,40-50,43.44114127416385,above normal,40-50,36.254210222864984,above normal,<40
Huon District,-6.646153846153846,146.61111111111111,37.83213149813959,above normal,<40,55.53410387712037,above normal,50-60,43.10020984967578,above normal,40-50,44.708862023280645,above normal,40-50,38.39549227461212,above normal,<40
Huon District,-6.646153846153846,146.70555555555555,38.53362280474943,above normal,<40,57.558617468584785,above normal,50-60,44.31949699597515,above normal,40-50,45.97658277239744,above normal,40-50,40.53677432635925,above normal,40-50
Huon District,-6.646153846153846,146.8,39.235114111359486,above normal,<40,59.583131060049816,above normal,50-60,45.53878414227488,above normal,40-50,47.244303521514624,above normal,40-50,42.67805637810703,above normal,40-50
Huon District,-6.646153846153846,146.89444444444445,39.93660541796933,above normal,<40,61.607644651514235,above normal,60-70,46.75807128857425,above normal,40-50,48.51202427063143,above normal,40-50,44.81933842985417,above normal,40-50
Huon District,-6.553846153846154,146.51666666666668,35.75143298702184,near normal,<40,52.93896267918701,above normal,50-60,43.16315208369424,above normal,40-50,43.38072235942617,above normal,40-50,37.67071047147273,above normal,<40
Huon District,-6.553846153846154,146.61111111111111,36.34531382516887,near normal,<40,55.058581725373145,above normal,50-60,43.944954220084774,above normal,40-50,44.68648529242705,above normal,40-50,39.65982385253379,above normal,<40
Huon District,-6.553846153846154,146.70555555555555,36.93919466331591,near normal,<40,57.17820077155928,above normal,50-60,44.726756356475306,above normal,40-50,45.992248225427936,above normal,40-50,41.64893723359485,above normal,40-50
Huon District,-6.553846153846154,146.8,37.92939205085156,above normal,<40,59.29781981774606,above normal,50-60,45.50855849286607,above normal,40-50,47.29801115842921,above normal,40-50,43.638050614656514,above normal,40-50
Huon District,-6.553846153846154,146.89444444444445,38.95424175585623,above normal,<40,61.417438863932205,above normal,60-70,46.290360629256604,above normal,40-50,48.60377409143009,above normal,40-50,45.627163995717574,above normal,40-50
Huon District,-6.461538461538462,146.51666666666668,37.38275967171343,near normal,<40,52.36833507271806,above normal,50-60,44.44538146401208,above normal,40-50,43.3203034446885,above normal,40-50,39.08721072008048,above normal,<40
Huon District,-6.369230769230769,146.51666666666668,38.619495451998745,near normal,<40,52.17657056244126,above normal,50-60,45.46455209726352,above normal,40-50,43.03113459975407,above normal,40-50,39.77028528102644,above normal,<40
Kabwum District,-6.369230769230769,147.08333333333334,41.34269523506429,near normal,40-50,65.54925908701914,above normal,60-70,45.56179991433219,above normal,40-50,50.83592331429521,above normal,50-60,49.61138905244676,above normal,40-50
Kabwum District,-6.369230769230769,147.17777777777778,42.021453916640965,near normal,40-50,64.10156921011854,above normal,60-70,46.117980848179286,above normal,40-50,48.39439882606844,above normal,40-50,47.517345520021436,above normal,40-50
Kabwum District,-6.369230769230769,147.2722222222222,42.70021259821764,near normal,40-50,62.65387933321796,above normal,60-70,46.67416178202638,above normal,40-50,45.95287433784166,above normal,40-50,45.423301987596105,above normal,40-50
Kabwum District,-6.276923076923077,146.89444444444445,40.13733052585255,near normal,40-50,61.15894962599419,above normal,60-70,45.88069667785373,above normal,40-50,45.73039002038449,above normal,40-50,42.8581318113164,above normal,40-50
Kabwum District,-6.276923076923077,146.98888888888888,40.57217402961402,near normal,40-50,63.10244757225912,above normal,60-70,45.97298423452039,above normal,40-50,46.688841856756454,above normal,40-50,44.136948339617376,above normal,40-50
Kabwum District,-6.276923076923077,147.08333333333334,41.00702862061253,near normal,40-50,65.04577313116829,above normal,60-70,46.06529267653813,above normal,40-50,47.647130051665386,above normal,40-50,45.41560371114238,above normal,40-50
Kabwum District,-6.276923076923077,147.17777777777778,41.64774585228273,near normal,40-50,63.78829071081823,above normal,60-70,46.54539056965028,above normal,40-50,45.56699992742715,above normal,40-50,43.70197527140011,above normal,40-50
Kabwum District,-6.276923076923077,147.2722222222222,42.288463083952934,near normal,40-50,62.53080829046816,above normal,60-70,47.025488462762425,above normal,40-50,43.4868698031889,above normal,40-50,41.98834683165784,above normal,40-50
Kabwum District,-6.276923076923077,147.36666666666667,42.92918031562333,near normal,40-50,61.273325870117716,above normal,60-70,47.50558635587472,above normal,40-50,41.40673967895003,above normal,40-50,40.27471839191506,above normal,40-50
Kabwum District,-6.276923076923077,147.4611111111111,43.56989754729353,near normal,40-50,60.01584344976765,above normal,60-70,47.98568424898687,above normal,40-50,39.326609554711794,above normal,<40,38.56108995217279,above normal,<40
Kabwum District,-6.276923076923077,147.55555555555554,44.21061477896373,near normal,40-50,58.758361029417586,above normal,50-60,48.465782142099016,above normal,40-50,37.24647943047355,above normal,<40,36.84746151243052,above normal,<40
Kabwum District,-6.184615384615384,146.70555555555555,39.00806236082809,near normal,<40,57.909708064132886,above normal,50-60,45.89528478617496,above normal,40-50,41.99417467637703,above normal,40-50,37.55027726894674,above normal,<40
Kabwum District,-6.184615384615384,146.8,39.42388475643508,near normal,<40,59.56788953648657,above normal,50-60,46.063656776707205,above normal,40-50,42.61024663954642,above normal,40-50,38.46769284582151,above normal,<40
Kabwum District,-6.184615384615384,146.89444444444445,39.839707152041946,near normal,<40,61.22607100883976,above normal,60-70,46.232028767239406,above normal,40-50,43.226318602715615,above normal,40-50,39.38510842269601,above normal,<40
Kabwum District,-6.184615384615384,146.98888888888888,40.25552954764881,near normal,40-50,62.88425248119295,above normal,60-70,46.4004007577716,above normal,40-50,43.84239056588481,above normal,40-50,40.302523999570504,above normal,40-50
Kabwum District,-6.184615384615384,147.08333333333334,41.14686214606996,above normal,40-50,64.54228717531745,above normal,60-70,46.568785438744065,above normal,40-50,44.45833678903554,above normal,40-50,41.21981836983796,above normal,40-50
Kabwum District,-6.184615384615384,147.17777777777778,41.29163119764207,above normal,40-50,63.47501221151791,above normal,60-70,46.97280029112127,above normal,40-50,42.739601028785835,above normal,40-50,39.88660502277875,above normal,<40
Kabwum District,-6.184615384615384,147.2722222222222,41.876713569688235,near normal,40-50,62.407737247718366,above normal,60-70,47.37681514349847,above normal,40-50,41.02086526853613,above normal,40-50,38.553391675719546,above normal,<40
Kabwum District,-6.184615384615384,147.36666666666667,42.47938935145215,near normal,40-50,61.3404622839185,above normal,60-70,47.7808299958758,above normal,40-50,39.3021295082859,above normal,<40,37.22017832865994,above normal,<40
Kabwum District,-6.184615384615384,147.4611111111111,43.08206513321588,near normal,40-50,60.27318732011896,above normal,60-70,48.184844848253,above normal,40-50,37.583393748036194,above normal,<40,35.886964981600734,above normal,<40
Kabwum District,-6.092307692307692,146.61111111111111,38.35167991587444,near normal,<40,57.17459739636056,above normal,50-60,45.84999158343182,above normal,40-50,39.901170915147354,above normal,<40,34.24404115773143,above normal,<40
Kabwum District,-6.092307692307692,146.70555555555555,38.7484812033267,near normal,<40,58.54746239480201,above normal,50-60,46.09444800782955,above normal,40-50,40.17486300511379,above normal,40-50,34.80005578317945,above normal,<40
Kabwum District,-6.092307692307692,146.8,39.14528249077908,near normal,<40,59.92032739324387,above normal,50-60,46.33890443222735,above normal,40-50,40.448555095080316,above normal,40-50,35.35607040862764,above normal,<40
Kabwum District,-6.092307692307692,146.89444444444445,39.54208377823134,near normal,<40,61.293192391685324,above normal,60-70,46.58336085662508,above normal,40-50,40.72224718504676,above normal,40-50,35.91208503407566,above normal,<40
Kabwum District,-6.092307692307692,146.98888888888888,40.24656644519982,above normal,40-50,62.666057390126774,above normal,60-70,46.8278172810228,above normal,40-50,40.9959392750132,above normal,40-50,36.46809965952367,above normal,<40
Kabwum District,-6.092307692307692,147.08333333333334,41.48252466310764,above normal,40-50,64.0388012194666,above normal,60-70,47.072278200949995,above normal,40-50,41.26954352640572,above normal,40-50,37.02403302853359,above normal,<40
Kabwum District,-6.092307692307692,147.2722222222222,41.695979726764016,above normal,40-50,62.284666204968566,above normal,60-70,47.72814182423451,above normal,40-50,38.554860733883366,above normal,<40,35.11843651978129,above normal,<40
Kabwum District,-6.092307692307692,147.36666666666667,42.029598387280956,near normal,40-50,61.40759869771928,above normal,60-70,48.05607363587687,above normal,40-50,37.197519337621785,above normal,<40,34.59420212591299,near normal,<40
Kabwum District,-6.0,146.51666666666668,37.73333968722999,near normal,<40,57.01011967641172,above normal,50-60,45.65252951295763,above normal,40-50,38.492926900323205,above normal,<40,36.214140886234986,near normal,<40
Kabwum District,-6.0,146.61111111111111,38.11111986652765,near normal,<40,58.09766820094143,above normal,50-60,45.973070371220885,above normal,40-50,38.424239117086884,above normal,<40,36.05387074536075,near normal,<40
Kabwum District,-6.0,146.70555555555555,38.48890004582531,near normal,<40,59.185216725471136,above normal,50-60,46.29361122948414,above normal,40-50,38.35555133385056,above normal,<40,35.89360060448651,near normal,<40
Kabwum District,-6.0,146.8,38.866680225123076,near normal,<40,60.27276525000118,above normal,60-70,46.6141520877475,above normal,40-50,38.28686355061423,above normal,<40,35.73333046361222,near normal,<40
Kabwum District,-6.0,146.89444444444445,39.5744589874958,above normal,<40,61.36031377453089,above normal,60-70,46.934692946010756,above normal,40-50,38.21817576737791,above normal,<40,35.57306032273798,near normal,<40
Kabwum District,-5.907692307692307,146.70555555555555,38.22931888832392,near normal,<40,59.822971056140275,above normal,50-60,46.492774451138736,above normal,40-50,36.53623966258732,above normal,<40,38.13808163986862,near normal,<40
Kabwum District,-5.907692307692307,146.8,39.130604687969566,above normal,<40,60.625203106758484,above normal,60-70,46.889399743267646,above normal,40-50,36.61539444622552,below normal,<40,38.12998033430033,near normal,<40
Lae District,-6.7384615384615385,146.98888888888888,41.29710198829746,above normal,40-50,63.72725857583896,above normal,60-70,48.882554104100095,above normal,40-50,49.649953015065485,above normal,40-50,46.30496358642396,above normal,40-50
Lae District,-6.646153846153846,146.98888888888888,40.63809672457917,above normal,40-50,63.63215824297865,above normal,60-70,47.977358434873615,above normal,40-50,49.779745019748226,above normal,40-50,46.9606204816013,above normal,40-50
Markham District,-6.8307692307692305,146.04444444444445,44.98783344674667,above normal,40-50,50.360563295295464,above normal,50-60,35.43027723247343,above normal,<40,37.89818811362626,above normal,<40,37.46585185879411,below normal,<40
Markham District,-6.8307692307692305,146.13888888888889,43.39798601116537,above normal,40-50,49.952138125540145,above normal,40-50,34.4989483162819,above normal,<40,38.954563803503916,above normal,<40,37.87691892517855,below normal,<40
Markham District,-6.7384615384615385,146.04444444444445,42.58560198054632,above normal,40-50,49.23161087288385,above normal,40-50,37.36817477312651,above normal,<40,37.48196305365549,above normal,<40,36.70948888717775,below normal,<40
Markham District,-6.7384615384615385,146.13888888888889,40.63435396268612,above normal,40-50,48.956333271895595,above normal,40-50,36.70314103936544,above normal,<40,38.65246522035818,above normal,<40,37.08251377466659,below normal,<40
Markham District,-6.7384615384615385,146.23333333333332,38.68310594482591,above normal,<40,48.68105567090735,above normal,40-50,36.03810730560438,above normal,<40,39.82296738706087,above normal,<40,37.455538662155426,below normal,<40
Markham District,-6.646153846153846,146.04444444444445,40.18337051434595,above normal,40-50,48.10265845047223,above normal,40-50,39.30607231377961,above normal,<40,37.06573799368472,above normal,<40,35.95312591556139,below normal,<40
Markham District,-6.646153846153846,146.13888888888889,37.87072191420684,above normal,<40,47.96052841825105,above normal,40-50,38.907333762449014,above normal,<40,38.350366637212446,above normal,<40,36.288108624154624,below normal,<40
Markham District,-6.646153846153846,146.23333333333332,35.55807331406773,above normal,<40,47.81839838602987,above normal,40-50,38.50859521111842,above normal,<40,39.63499528074016,above normal,<40,36.62309133274786,below normal,<40
Markham District,-6.646153846153846,146.32777777777778,35.72765757830984,above normal,<40,49.46056310272651,above normal,40-50,39.44234841077731,above normal,<40,40.90569977592986,above normal,40-50,35.75336327791495,below normal,<40
Markham District,-6.553846153846154,146.13888888888889,35.10708986572759,above normal,<40,46.9647235646065,above normal,40-50,41.111526485532565,above normal,40-50,38.0482680540667,above normal,<40,35.49370347364266,below normal,<40
Markham District,-6.553846153846154,146.23333333333332,34.008951509297624,near normal,<40,46.9557411011524,above normal,40-50,40.97908311663244,above normal,40-50,39.447023174419456,above normal,<40,35.7906440033403,below normal,<40
Markham District,-6.553846153846154,146.32777777777778,34.56367131072759,near normal,<40,48.699724586814085,above normal,40-50,41.599547810912945,above normal,40-50,40.76919649342402,above normal,40-50,34.976860333344376,below normal,<40
Markham District,-6.553846153846154,146.42222222222222,35.15755214887463,near normal,<40,50.81934363300023,above normal,50-60,42.38134994730348,above normal,40-50,42.0749594264249,above normal,40-50,35.68159709041107,above normal,<40
Markham District,-6.461538461538462,146.13888888888889,35.125092212148296,near normal,<40,45.968918710961965,above normal,40-50,43.315719208616116,above normal,40-50,37.74616947092097,above normal,<40,34.699298323130705,below normal,<40
Markham District,-6.461538461538462,146.23333333333332,35.80139788020084,near normal,<40,46.093083816274934,above normal,40-50,43.449571022146465,above normal,40-50,39.25905106809875,above normal,<40,34.95819667393275,below normal,<40
Markham District,-6.461538461538462,146.32777777777778,36.34716661123199,near normal,<40,47.938886070901674,above normal,40-50,43.756747211048584,above normal,40-50,40.63269321091817,above normal,40-50,35.41332129932995,above normal,<40
Markham District,-6.461538461538462,146.42222222222222,36.864963141472636,near normal,<40,50.15361057180954,above normal,50-60,44.101064337530275,above normal,40-50,41.976498327803135,above normal,40-50,37.25026600970494,above normal,<40
Markham District,-6.369230769230769,146.13888888888889,36.33203199789207,near normal,<40,45.55689853416348,above normal,40-50,45.014759618675,above normal,40-50,37.49649265994587,above normal,<40,34.51810009918694,above normal,<40
Markham District,-6.369230769230769,146.23333333333332,37.18710086528389,near normal,<40,45.83446514977471,above normal,40-50,45.35819573075247,above normal,40-50,39.078942205802804,above normal,<40,35.04593555240393,above normal,<40
Markham District,-6.369230769230769,146.32777777777778,37.71176622816647,near normal,<40,47.71894172208725,above normal,40-50,45.432145851661254,above normal,40-50,40.42947118060423,above normal,40-50,36.48985032157103,above normal,<40
Markham District,-6.369230769230769,146.42222222222222,38.165630840082535,near normal,<40,49.94775614226392,above normal,40-50,45.448348974462384,above normal,40-50,41.730302890178955,above normal,40-50,38.13006780129849,above normal,<40
Markham District,-6.276923076923077,146.13888888888889,36.4998662854958,near normal,<40,47.302352064844605,above normal,40-50,44.8469273358017,above normal,40-50,37.440549207488644,above normal,<40,33.75726216279525,above normal,<40
Markham District,-6.276923076923077,146.23333333333332,37.06961856798218,near normal,<40,47.80817190348385,above normal,40-50,45.19036344787917,above normal,40-50,38.92789324749192,above normal,<40,34.075865499891705,above normal,<40
Markham District,-6.276923076923077,146.32777777777778,37.5282695032835,near normal,<40,49.49796194840343,above normal,40-50,45.32697133785369,above normal,40-50,39.97967900215214,above normal,<40,35.185232641509764,above normal,<40
Markham District,-6.276923076923077,146.42222222222222,37.96311300704496,near normal,<40,51.44145989466836,above normal,50-60,45.419258894520354,above normal,40-50,40.9381308385241,above normal,40-50,36.46404916981074,above normal,<40
Markham District,-6.276923076923077,146.51666666666668,38.39795651080656,near normal,<40,53.38495784093388,above normal,50-60,45.511546451187044,above normal,40-50,41.89658267489635,above normal,40-50,37.742865698112105,above normal,<40
Markham District,-6.276923076923077,146.61111111111111,38.83280001456802,near normal,<40,55.32845578719881,above normal,50-60,45.60383400785371,above normal,40-50,42.855034511268315,above normal,40-50,39.02168222641308,above normal,<40
Markham District,-6.184615384615384,146.13888888888889,36.66770057309952,near normal,<40,49.04780559552574,above normal,40-50,44.679095052928396,above normal,40-50,37.384605755031416,above normal,<40,33.94467956748984,near normal,<40
Markham District,-6.184615384615384,146.23333333333332,36.95213627068047,near normal,<40,49.78187865719301,above normal,40-50,45.022531165005866,above normal,40-50,38.77684428918104,above normal,<40,33.69053671588071,near normal,<40
Markham District,-6.184615384615384,146.32777777777778,37.34477277840051,near normal,<40,51.27698217471963,above normal,50-60,45.22179682404613,above normal,40-50,39.52988682370004,above normal,<40,33.88061496144848,above normal,<40
Markham District,-6.184615384615384,146.42222222222222,37.76059517400738,near normal,<40,52.93516364707281,above normal,50-60,45.390168814578324,above normal,40-50,40.145958786869244,above normal,40-50,34.798030538322976,above normal,<40
Markham District,-6.184615384615384,146.51666666666668,38.176417569614365,near normal,<40,54.5933451194265,above normal,50-60,45.558540805110574,above normal,40-50,40.762030750038626,above normal,40-50,35.71544611519775,above normal,<40
Markham District,-6.184615384615384,146.61111111111111,38.59223996522123,near normal,<40,56.251526591779694,above normal,50-60,45.72691279564277,above normal,40-50,41.378102713207824,above normal,40-50,36.63286169207225,above normal,<40
Markham District,-6.092307692307692,146.04444444444445,36.83641574802775,near normal,<40,49.830932841511554,above normal,40-50,44.16782665797763,above normal,40-50,36.031529274278206,above normal,<40,35.17112721949761,near normal,<40
Markham District,-6.092307692307692,146.13888888888889,36.835534860703255,near normal,<40,50.793259126206856,above normal,50-60,44.5112627700551,above normal,40-50,37.32866230257419,above normal,<40,35.16425873274335,near normal,<40
Markham District,-6.092307692307692,146.23333333333332,36.834653973378764,near normal,<40,51.75558541090215,above normal,50-60,44.85469888213257,above normal,40-50,38.62579533087017,above normal,<40,35.15739024598909,near normal,<40
Markham District,-6.092307692307692,146.32777777777778,37.16127605351754,near normal,<40,53.0560024010358,above normal,50-60,45.116622310238576,above normal,40-50,39.08009464524795,above normal,<40,34.89887547382521,near normal,<40
Markham District,-6.092307692307692,146.42222222222222,37.558077340969795,near normal,<40,54.42886739947725,above normal,50-60,45.3610787346363,above normal,40-50,39.35378673521439,above normal,<40,34.58643649764503,near normal,<40
Markham District,-6.092307692307692,146.51666666666668,37.95487862842218,near normal,<40,55.80173239791911,above normal,50-60,45.6055351590341,above normal,40-50,39.627478825180916,above normal,<40,34.27399752146476,near normal,<40
Markham District,-6.0,145.85555555555555,37.861961564996854,near normal,<40,48.966974133717656,above normal,40-50,43.31312215094929,above normal,40-50,35.756240626820805,below normal,<40,35.66262026369495,near normal,<40
Markham District,-6.0,145.95,37.575764092766924,near normal,<40,50.15755364144098,above normal,50-60,43.65655826302676,above normal,40-50,35.32122116927192,below normal,<40,35.90302614179556,near normal,<40
Markham District,-6.0,146.04444444444445,37.28956662053692,near normal,<40,51.34813314916465,above normal,50-60,43.99999437510433,above normal,40-50,36.07069132767462,above normal,<40,36.143432019896245,near normal,<40
Markham District,-6.0,146.13888888888889,37.00336914830699,near normal,<40,52.53871265688797,above normal,50-60,44.3434304871818,above normal,40-50,37.27271885011696,above normal,<40,36.383837897996855,near normal,<40
Markham District,-6.0,146.23333333333332,36.71717167607706,near normal,<40,53.72929216461129,above normal,50-60,44.68686659925927,above normal,40-50,38.474746372559295,above normal,<40,36.624243776097465,near normal,<40
Markham District,-6.0,146.32777777777778,36.97777932863456,near normal,<40,54.835022627351975,above normal,50-60,45.01144779643102,above normal,40-50,38.63030246679586,above normal,<40,36.53468116798351,near normal,<40
Markham District,-6.0,146.42222222222222,37.35555950793222,near normal,<40,55.922571151881684,above normal,50-60,45.33198865469428,above normal,40-50,38.56161468355954,above normal,<40,36.37441102710927,near normal,<40
Menyamya District,-7.569230769230769,146.23333333333332,51.26881221454063,above normal,50-60,51.47770095175971,above normal,50-60,44.459672061081925,above normal,40-50,41.72687109085568,above normal,40-50,34.83272710051351,above normal,<40
Menyamya District,-7.569230769230769,146.32777777777778,49.122184215927554,above normal,40-50,50.693806137563314,above normal,50-60,44.432694459607646,above normal,40-50,42.91921167976725,above normal,40-50,34.806692219215826,above normal,<40
Menyamya District,-7.569230769230769,146.42222222222222,46.674979355097086,above normal,40-50,49.84930487667214,above normal,40-50,44.41842867960276,above normal,40-50,44.59394829276768,above normal,40-50,34.906905229530395,above normal,<40
Menyamya District,-7.569230769230769,146.51666666666668,44.22777449426588,above normal,40-50,49.004803615780716,above normal,40-50,44.40416289959788,above normal,40-50,46.26868490576861,above normal,40-50,35.007118239844985,above normal,<40
Menyamya District,-7.476923076923077,146.13888888888889,52.09386682225825,above normal,50-60,52.146598408509874,above normal,50-60,44.17674199324656,above normal,40-50,42.48920749301008,above normal,40-50,35.6213454669711,above normal,<40
Menyamya District,-7.476923076923077,146.23333333333332,51.38797303890691,above normal,50-60,51.57420458207419,above normal,50-60,43.904986813912465,above normal,40-50,41.53973798118726,above normal,40-50,35.001398471797934,above normal,<40
Menyamya District,-7.476923076923077,146.32777777777778,49.26372281019951,above normal,40-50,50.809051174065324,above normal,50-60,43.94710053472278,above normal,40-50,42.857114352409305,above normal,40-50,35.072427164214794,above normal,<40
Menyamya District,-7.476923076923077,146.42222222222222,46.83553905748779,above normal,40-50,50.002592141433894,above normal,50-60,44.05647187699264,above normal,40-50,44.66024341285513,above normal,40-50,35.29152207540103,above normal,<40
Menyamya District,-7.476923076923077,146.51666666666668,44.40735530477535,above normal,40-50,49.196133108802215,above normal,40-50,44.165843219262534,above normal,40-50,46.4633724733015,above normal,40-50,35.51061698658734,above normal,<40
Menyamya District,-7.384615384615384,146.13888888888889,51.176384288240726,above normal,50-60,51.978766210734186,above normal,50-60,42.02849098766839,above normal,40-50,41.94095314387988,above normal,40-50,34.74695261197281,below normal,<40
Menyamya District,-7.384615384615384,146.23333333333332,50.39440599744376,above normal,50-60,51.40637231196553,above normal,50-60,41.58554587609784,above normal,40-50,41.314842388375375,above normal,40-50,35.29557030274321,below normal,<40
Menyamya District,-7.384615384615384,146.32777777777778,48.55435346962191,above normal,40-50,51.001500886925896,above normal,50-60,41.95773167752012,above normal,40-50,42.59529547396516,above normal,40-50,35.306810930708494,below normal,<40
Menyamya District,-7.384615384615384,146.42222222222222,46.487570748152365,above normal,40-50,50.63252713482838,above normal,50-60,42.504588388869436,above normal,40-50,44.28429795407497,above normal,40-50,35.20289933092973,below normal,<40
Menyamya District,-7.292307692307692,145.95,51.97502735070864,above normal,50-60,52.955721955161934,above normal,50-60,41.10851006970445,above normal,40-50,41.998202793122154,above normal,40-50,34.54929853769136,below normal,<40
Menyamya District,-7.292307692307692,146.04444444444445,51.1169645524658,above normal,50-60,52.38332798406013,above normal,50-60,40.494375025897256,above normal,40-50,41.695450793935876,above normal,40-50,35.07889516146228,below normal,<40
Menyamya District,-7.292307692307692,146.13888888888889,50.25890175422322,above normal,50-60,51.8109340129585,above normal,50-60,39.88023998209024,above normal,<40,41.392698794749684,above normal,40-50,35.60849178523304,below normal,<40
Menyamya District,-7.292307692307692,146.23333333333332,49.40083895598063,above normal,40-50,51.238540041856865,above normal,50-60,39.26610493828323,above normal,<40,41.0899467955635,above normal,40-50,36.13808840900381,below normal,<40
Menyamya District,-7.292307692307692,146.32777777777778,47.84498412904431,above normal,40-50,51.19395059978647,above normal,50-60,39.96836282031748,above normal,<40,42.33347659552101,above normal,40-50,35.926670253627826,below normal,<40
Menyamya District,-7.199999999999999,145.85555555555555,52.1438611372706,above normal,50-60,53.360283945486785,above normal,50-60,40.08796390464273,above normal,40-50,40.7826241742231,above normal,40-50,34.93830428817975,below normal,<40
Menyamya District,-7.199999999999999,145.95,51.20971383158239,above normal,50-60,52.787889902052186,above normal,50-60,39.30263892859926,above normal,<40,40.80323093135523,above normal,40-50,35.44887984495088,below normal,<40
Menyamya District,-7.199999999999999,146.04444444444445,50.2755665258939,above normal,50-60,52.21549585861741,above normal,50-60,38.51731395255555,above normal,<40,40.823837688487366,above normal,40-50,35.95945540172215,below normal,<40
Menyamya District,-7.199999999999999,146.13888888888889,49.341419220205694,above normal,40-50,51.64310181518281,above normal,50-60,37.73198897651208,above normal,<40,40.844444445619494,above normal,40-50,36.47003095849328,below normal,<40
Menyamya District,-7.199999999999999,146.23333333333332,48.40727191451748,above normal,40-50,51.07070777174821,above normal,50-60,36.9466640004686,above normal,<40,40.86505120275162,above normal,40-50,36.980606515264405,below normal,<40
Menyamya District,-7.107692307692307,145.95,50.444400312456146,above normal,50-60,52.62005784894244,above normal,50-60,37.49676778749408,above normal,<40,39.60825906958831,above normal,<40,36.34846115221039,below normal,<40
Menyamya District,-7.107692307692307,146.04444444444445,49.43416849932201,above normal,40-50,52.047663733174694,above normal,50-60,36.54025287921386,above normal,<40,39.952224583038856,above normal,<40,36.84001564198202,below normal,<40
Menyamya District,-7.107692307692307,146.13888888888889,48.42393668618818,above normal,40-50,51.47526961740712,above normal,50-60,35.583737970933925,above normal,<40,40.2961900964893,above normal,40-50,37.33157013175351,below normal,<40
Menyamya District,-7.107692307692307,146.23333333333332,47.41370487305435,above normal,40-50,50.902875501639556,above normal,50-60,34.73177880152597,near normal,<40,40.64015560993975,above normal,40-50,37.823124621525,below normal,<40
Menyamya District,-7.015384615384615,145.95,49.6790867933299,above normal,40-50,52.452225795832696,above normal,50-60,36.42207866096496,near normal,<40,38.413287207821384,above normal,<40,37.2480424594699,below normal,<40
Menyamya District,-7.015384615384615,146.04444444444445,48.59277047275012,above normal,40-50,51.87983160773198,above normal,50-60,35.80829572376896,near normal,<40,39.080611477590345,above normal,<40,37.72057588224189,below normal,<40
Menyamya District,-7.015384615384615,146.13888888888889,47.50645415217067,above normal,40-50,51.30743741963144,above normal,50-60,35.19451278657315,near normal,<40,39.74793574735911,above normal,<40,38.19310930501374,below normal,<40
Menyamya District,-7.015384615384615,146.23333333333332,46.42013783159122,above normal,40-50,50.735043231530895,above normal,50-60,34.580729849377335,near normal,<40,40.41526001712786,above normal,40-50,38.665642727785595,below normal,<40
Menyamya District,-6.9230769230769225,146.04444444444445,47.39006491294702,above normal,40-50,51.48951571770708,above normal,50-60,35.50842291378861,near normal,<40,38.31441317359703,above normal,<40,38.222214830410465,below normal,<40
Menyamya District,-6.9230769230769225,146.13888888888889,46.161618059644624,above normal,40-50,50.94794297918468,above normal,50-60,34.830355982626365,near normal,<40,39.25666238664966,above normal,<40,38.67132407569051,below normal,<40
Nawae District,-6.7384615384615385,147.2722222222222,42.13313332863903,above normal,40-50,63.832635654959134,above normal,60-70,50.38741958810841,above normal,50-60,47.85941155732217,above normal,40-50,44.24805838060837,above normal,40-50
Nawae District,-6.7384615384615385,147.55555555555554,42.92053025034173,near normal,40-50,61.096818597731776,above normal,60-70,50.159699548765616,above normal,50-60,43.329302842017825,above normal,40-50,37.72288546249218,above normal,<40
Nawae District,-6.646153846153846,147.08333333333334,41.33956258286794,above normal,40-50,65.6565054982856,above normal,60-70,49.196585048275296,above normal,40-50,51.04730183306526,above normal,50-60,49.10167007881852,above normal,40-50
Nawae District,-6.646153846153846,147.17777777777778,41.568515888264926,above normal,40-50,64.59240059976979,above normal,60-70,49.29186506143164,above normal,40-50,49.27097521831361,above normal,40-50,46.92661243944668,above normal,40-50
Nawae District,-6.553846153846154,146.98888888888888,39.9790914608609,above normal,<40,63.53705791011834,above normal,60-70,47.072162765647136,above normal,40-50,49.909537024430975,above normal,40-50,47.61627737677864,above normal,40-50
Nawae District,-6.553846153846154,147.08333333333334,41.00389830322753,above normal,40-50,65.65649730346068,above normal,60-70,47.85393714888034,above normal,40-50,51.2151196319391,above normal,50-60,49.60516649828498,above normal,40-50
Nawae District,-6.553846153846154,147.17777777777778,41.23285168095616,above normal,40-50,64.44022652550474,above normal,60-70,48.12040385497395,above normal,40-50,49.17250264087043,above normal,40-50,47.43010885891314,above normal,40-50
Nawae District,-6.461538461538462,146.61111111111111,37.900556201954075,near normal,<40,54.583059573625924,above normal,50-60,44.78969859049378,above normal,40-50,44.664108561573464,above normal,40-50,40.924155430455464,above normal,40-50
Nawae District,-6.461538461538462,146.70555555555555,38.41835273219471,near normal,<40,56.79778407453378,above normal,50-60,45.13401571697547,above normal,40-50,46.00791367845842,above normal,40-50,42.76110014083045,above normal,40-50
Nawae District,-6.461538461538462,146.8,38.93614926243551,near normal,<40,59.01250857544231,above normal,50-60,45.478332843457274,above normal,40-50,47.35171879534379,above normal,40-50,44.59804485120599,above normal,40-50
Nawae District,-6.461538461538462,146.89444444444445,39.45394579267615,near normal,<40,61.227233076350174,above normal,60-70,45.822649969938965,above normal,40-50,48.69552391222875,above normal,40-50,46.43498956158098,above normal,40-50
Nawae District,-6.461538461538462,146.98888888888888,39.97174232291679,near normal,<40,63.44195757725803,above normal,60-70,46.16696709642066,above normal,40-50,50.039329029113716,above normal,50-60,48.27193427195597,above normal,40-50
Nawae District,-6.461538461538462,147.08333333333334,40.668234023587125,above normal,40-50,65.65648910863575,above normal,60-70,46.511289249485394,above normal,40-50,51.38293743081294,above normal,50-60,50.10866291775143,above normal,50-60
Nawae District,-6.369230769230769,146.61111111111111,39.07336006391481,near normal,<40,54.40538498261794,above normal,50-60,45.48075522006465,above normal,40-50,44.33196630932879,above normal,40-50,41.41050276075389,above normal,40-50
Nawae District,-6.369230769230769,146.70555555555555,39.52722467583088,near normal,<40,56.63419940279461,above normal,50-60,45.49695834286578,above normal,40-50,45.63279801890351,above normal,40-50,43.05072024048135,above normal,40-50
Nawae District,-6.369230769230769,146.8,39.98108928774709,near normal,<40,58.86301382297195,above normal,50-60,45.51316146566692,above normal,40-50,46.93362972847862,above normal,40-50,44.6909377202093,above normal,40-50
Nawae District,-6.369230769230769,146.89444444444445,40.43495389966316,near normal,40-50,61.091828243148626,above normal,60-70,45.52936458846805,above normal,40-50,48.234461438053344,above normal,40-50,46.33115519993675,above normal,40-50
Nawae District,-6.369230769230769,146.98888888888888,40.888818511579224,near normal,40-50,63.3206426633253,above normal,60-70,45.54556771126918,above normal,40-50,49.53529314762807,above normal,40-50,47.971372679664206,above normal,40-50
Nawae District,-6.276923076923077,146.70555555555555,39.267643518329486,near normal,<40,57.27195373346375,above normal,50-60,45.696121564520375,above normal,40-50,43.81348634764028,above normal,40-50,40.300498754714056,above normal,40-50
Nawae District,-6.276923076923077,146.8,39.702487022091084,near normal,<40,59.215451679729256,above normal,50-60,45.788409121187065,above normal,40-50,44.77193818401253,above normal,40-50,41.57931528301542,above normal,40-50
Tawae/Siassi District,-6.369230769230769,147.65,45.41524732452475,near normal,40-50,56.863119825614746,above normal,50-60,48.89888551741509,above normal,40-50,36.1867763849331,above normal,<40,37.047127857893535,above normal,<40
Tawae/Siassi District,-6.276923076923077,147.65,44.85133201063413,near normal,40-50,57.50087860906714,above normal,50-60,48.94588003521131,above normal,40-50,35.16634930623468,above normal,<40,35.191208154351145,near normal,<40
Tawae/Siassi District,-6.184615384615384,147.55555555555554,43.684740914979606,near normal,40-50,59.20591235631941,above normal,50-60,48.5888597006302,above normal,40-50,35.86465798778649,above normal,<40,34.91612857278763,near normal,<40
Tawae/Siassi District,-6.184615384615384,147.65,44.28741669674351,near normal,40-50,58.13863739251955,above normal,50-60,48.992874553007525,above normal,40-50,34.14592222753626,above normal,<40,35.990096257931775,near normal,<40
Tawae/Siassi District,-6.092307692307692,147.17777777777778,41.58925219493583,above normal,40-50,63.16173371221759,above normal,60-70,47.400210012592254,above normal,40-50,39.91220213014454,above normal,<40,36.07123477415744,above normal,<40
Tawae/Siassi District,-6.092307692307692,147.4611111111111,42.59423271913821,near normal,40-50,60.530531190470256,above normal,60-70,48.38400544751913,above normal,40-50,35.84017794136061,above normal,<40,35.32579620444605,near normal,<40
Tawae/Siassi District,-6.092307692307692,147.55555555555554,43.15886705099547,near normal,40-50,59.65346368322123,above normal,50-60,48.71193725916139,above normal,40-50,35.22807594633488,below normal,<40,36.057390282979114,near normal,<40
Tawae/Siassi District,-6.0,146.98888888888888,40.696351443799806,above normal,40-50,62.447862299060596,above normal,60-70,47.25523380427401,above normal,40-50,38.14948798414159,above normal,<40,35.41279018186374,near normal,<40
Tawae/Siassi District,-6.0,147.08333333333334,41.81818718014532,above normal,40-50,63.53531526361577,above normal,60-70,47.57577096315593,above normal,40-50,38.08075026377591,above normal,<40,35.252549633558985,near normal,<40
Tawae/Siassi District,-6.0,147.17777777777778,41.88687319222959,above normal,40-50,62.84845521291727,above normal,60-70,47.82761973406325,above normal,40-50,37.08480323150326,above normal,<40,35.641770105481285,near normal,<40
Tawae/Siassi District,-6.0,147.2722222222222,41.95555920431385,above normal,40-50,62.16159516221877,above normal,60-70,48.079468504970556,above normal,40-50,36.28014097176189,below normal,<40,36.030990577403585,near normal,<40
Tawae/Siassi District,-6.0,147.36666666666667,42.024245216398135,above normal,40-50,61.474735111520054,above normal,60-70,48.33131727587795,above normal,40-50,36.44040849518704,below normal,<40,36.42021104932601,near normal,<40
Tawae/Siassi District,-6.0,147.4611111111111,42.10640030506056,near normal,40-50,60.787875060821555,above normal,60-70,48.583166046785266,above normal,40-50,36.60067601861215,below normal,<40,36.80943152124831,near normal,<40
Tawae/Siassi District,-5.907692307692307,146.89444444444445,40.13837056518469,above normal,40-50,61.42743515737645,above normal,60-70,47.286025035396435,above normal,40-50,36.8443521425005,below normal,<40,38.121879028732025,near normal,<40
Tawae/Siassi District,-5.815384615384615,148.02777777777777,45.021734599347276,near normal,40-50,59.5243756640295,above normal,50-60,49.49887352801857,above normal,40-50,40.75606384999153,below normal,40-50,36.70835720247793,near normal,<40
Tawae/Siassi District,-5.723076923076922,147.93333333333334,43.35719451978621,above normal,40-50,59.80428607677285,above normal,50-60,47.927602268793244,above normal,40-50,40.861398676634046,below normal,40-50,35.38591040734821,below normal,<40
Tawae/Siassi District,-5.723076923076922,148.02777777777777,43.48888213526938,near normal,40-50,59.848844837667336,above normal,50-60,48.13384030067661,above normal,40-50,41.181234970890756,below normal,40-50,35.569428762923025,below normal,<40
Tawae/Siassi District,-5.63076923076923,147.8388888888889,44.12823013693094,above normal,40-50,60.52211149342227,above normal,60-70,46.83242066577304,above normal,40-50,40.98645257117807,below normal,40-50,35.19050083337682,below normal,<40
Tawae/Siassi District,-5.63076923076923,147.93333333333334,44.2735342421859,above normal,40-50,59.99560767665513,above normal,50-60,46.581590128404855,above normal,40-50,41.21048549960383,below normal,40-50,35.37919912952511,below normal,<40
Tawae/Siassi District,-5.63076923076923,148.02777777777777,44.317740847494456,above normal,40-50,60.17331401130518,above normal,60-70,46.768807073334656,above normal,40-50,41.606406091789964,below normal,40-50,35.524675301215844,below normal,<40
Tawae/Siassi District,-5.538461538461538,147.8388888888889,44.90472957266702,above normal,40-50,60.81526490114695,above normal,60-70,45.66208093399997,above normal,40-50,41.33778201701335,below normal,40-50,35.15917050099486,below normal,<40
Tawae/Siassi District,-5.538461538461538,147.93333333333334,45.18987396458559,above normal,40-50,60.18692927653742,above normal,60-70,45.23557798801646,above normal,40-50,41.559572322573615,below normal,40-50,35.37248785170201,below normal,<40
